"tile","error"
"E26N17",NA
"E26N18",NA
"E26N19",NA
"E26N20",NA
"E27N17",NA
"E27N18",NA
"E27N19",NA
"E27N20",NA
"E27N21",NA
"E27N22",NA
"E27N23",NA
"E27N24",NA
"E28N15",NA
"E28N16",NA
"E28N17",NA
"E28N18",NA
"E28N19",NA
"E28N20",NA
"E28N21",NA
"E28N22",NA
"E28N23",NA
"E28N24",NA
"E29N15",NA
"E29N16",NA
"E29N17",NA
"E29N18",NA
"E29N19",NA
"E29N20",NA
"E29N21",NA
"E29N22",NA
"E29N23",NA
"E29N24",NA
"E29N33",NA
"E29N34",NA
"E30N16",NA
"E30N17",NA
"E30N18",NA
"E30N19",NA
"E30N20",NA
"E30N21",NA
"E30N22",NA
"E30N23",NA
"E30N24",NA
"E30N33",NA
"E30N34",NA
"E30N35",NA
"E30N36",NA
"E31N14",NA
"E31N16",NA
"E31N17",NA
"E31N18",NA
"E31N19",NA
"E31N20",NA
"E31N21",NA
"E31N22",NA
"E31N23",NA
"E31N33",NA
"E31N34",NA
"E31N35",NA
"E31N36",NA
"E31N37",NA
"E32N16",NA
"E32N17",NA
"E32N18",NA
"E32N19",NA
"E32N20",NA
"E32N21",NA
"E32N22",NA
"E32N23",NA
"E32N28",NA
"E32N29",NA
"E32N33",NA
"E32N34",NA
"E32N35",NA
"E32N36",NA
"E32N37",NA
"E33N16",NA
"E33N17",NA
"E33N18",NA
"E33N19",NA
"E33N20",NA
"E33N21",NA
"E33N22",NA
"E33N23",NA
"E33N27",NA
"E33N28",NA
"E33N29",NA
"E34N17",NA
"E34N18",NA
"E34N19",NA
"E34N20",NA
"E34N21",NA
"E34N22",NA
"E34N23",NA
"E34N24",NA
"E34N25",NA
"E34N26",NA
"E34N27",NA
"E34N28",NA
"E34N29",NA
"E34N30",NA
"E35N17",NA
"E35N18",NA
"E35N19",NA
"E35N20",NA
"E35N21",NA
"E35N22",NA
"E35N23",NA
"E35N24",NA
"E35N25",NA
"E35N26",NA
"E35N27",NA
"E35N28",NA
"E35N29",NA
"E35N30",NA
"E36N18",NA
"E36N20",NA
"E36N21",NA
"E36N22",NA
"E36N23",NA
"E36N24",NA
"E36N25",NA
"E36N26",NA
"E36N27",NA
"E36N28",NA
"E36N29",NA
"E36N30",NA
"E37N18",NA
"E37N19",NA
"E37N20",NA
"E37N21",NA
"E37N22",NA
"E37N23",NA
"E37N24",NA
"E37N25",NA
"E37N26",NA
"E37N27",NA
"E37N28",NA
"E37N29",NA
"E37N30",NA
"E37N31",NA
"E38N18",NA
"E38N19",NA
"E38N22",NA
"E38N23",NA
"E38N24",NA
"E38N25",NA
"E38N26",NA
"E38N27",NA
"E38N28",NA
"E38N29",NA
"E38N30",NA
"E38N31",NA
"E38N32",NA
"E39N22",NA
"E39N23",NA
"E39N24",NA
"E39N25",NA
"E39N26",NA
"E39N27",NA
"E39N28",NA
"E39N29",NA
"E39N30",NA
"E39N31",NA
"E39N32",NA
"E39N33",NA
"E40N22",NA
"E40N23",NA
"E40N24",NA
"E40N25",NA
"E40N26",NA
"E40N27",NA
"E40N28",NA
"E40N29",NA
"E40N30",NA
"E40N31",NA
"E40N32",NA
"E40N33",NA
"E41N17",NA
"E41N18",NA
"E41N19",NA
"E41N20",NA
"E41N22",NA
"E41N23",NA
"E41N24",NA
"E41N25",NA
"E41N27",NA
"E41N28",NA
"E41N29",NA
"E41N30",NA
"E41N31",NA
"E41N32",NA
"E41N33",NA
"E41N34",NA
"E42N17",NA
"E42N18",NA
"E42N19",NA
"E42N20",NA
"E42N21",NA
"E42N22",NA
"E42N23",NA
"E42N24",NA
"E42N25",NA
"E42N26",NA
"E42N27",NA
"E42N28",NA
"E42N29",NA
"E42N30",NA
"E42N31",NA
"E42N32",NA
"E42N33",NA
"E42N34",NA
"E42N35",NA
"E42N36",NA
"E42N37",NA
"E42N38",NA
"E43N19",NA
"E43N21",NA
"E43N22",NA
"E43N23",NA
"E43N24",NA
"E43N25",NA
"E43N26",NA
"E43N27",NA
"E43N28",NA
"E43N29",NA
"E43N30",NA
"E43N31",NA
"E43N32",NA
"E43N33",NA
"E43N34",NA
"E43N35",NA
"E43N36",NA
"E43N37",NA
"E43N38",NA
"E43N39",NA
"E43N40",NA
"E44N15",NA
"E44N20",NA
"E44N21",NA
"E44N22",NA
"E44N23",NA
"E44N24",NA
"E44N25",NA
"E44N26",NA
"E44N27",NA
"E44N28",NA
"E44N29",NA
"E44N30",NA
"E44N31",NA
"E44N32",NA
"E44N33",NA
"E44N34",NA
"E44N35",NA
"E44N36",NA
"E44N37",NA
"E44N38",NA
"E44N39",NA
"E44N40",NA
"E44N41",NA
"E44N42",NA
"E44N43",NA
"E44N44",NA
"E44N45",NA
"E44N46",NA
"E45N15",NA
"E45N16",NA
"E45N20",NA
"E45N21",NA
"E45N22",NA
"E45N23",NA
"E45N24",NA
"E45N25",NA
"E45N26",NA
"E45N27",NA
"E45N28",NA
"E45N29",NA
"E45N30",NA
"E45N31",NA
"E45N32",NA
"E45N33",NA
"E45N34",NA
"E45N35",NA
"E45N36",NA
"E45N37",NA
"E45N38",NA
"E45N39",NA
"E45N40",NA
"E45N41",NA
"E45N42",NA
"E45N43",NA
"E45N44",NA
"E45N45",NA
"E45N46",NA
"E45N47",NA
"E45N48",NA
"E45N49",NA
"E46N15",NA
"E46N16",NA
"E46N19",NA
"E46N20",NA
"E46N21",NA
"E46N22",NA
"E46N23",NA
"E46N24",NA
"E46N25",NA
"E46N26",NA
"E46N27",NA
"E46N28",NA
"E46N29",NA
"E46N30",NA
"E46N31",NA
"E46N32",NA
"E46N33",NA
"E46N34",NA
"E46N35",NA
"E46N36",NA
"E46N37",NA
"E46N38",NA
"E46N39",NA
"E46N40",NA
"E46N41",NA
"E46N42",NA
"E46N43",NA
"E46N44",NA
"E46N45",NA
"E46N46",NA
"E46N47",NA
"E46N48",NA
"E46N49",NA
"E46N50",NA
"E47N15",NA
"E47N16",NA
"E47N17",NA
"E47N18",NA
"E47N19",NA
"E47N20",NA
"E47N21",NA
"E47N22",NA
"E47N23",NA
"E47N24",NA
"E47N25",NA
"E47N26",NA
"E47N27",NA
"E47N28",NA
"E47N29",NA
"E47N30",NA
"E47N31",NA
"E47N32",NA
"E47N33",NA
"E47N34",NA
"E47N35",NA
"E47N36",NA
"E47N37",NA
"E47N38",NA
"E47N39",NA
"E47N40",NA
"E47N41",NA
"E47N42",NA
"E47N43",NA
"E47N44",NA
"E47N45",NA
"E47N46",NA
"E47N47",NA
"E47N48",NA
"E47N49",NA
"E47N50",NA
"E47N51",NA
"E48N16",NA
"E48N17",NA
"E48N18",NA
"E48N19",NA
"E48N20",NA
"E48N21",NA
"E48N22",NA
"E48N23",NA
"E48N24",NA
"E48N25",NA
"E48N26",NA
"E48N27",NA
"E48N28",NA
"E48N29",NA
"E48N30",NA
"E48N31",NA
"E48N32",NA
"E48N33",NA
"E48N34",NA
"E48N35",NA
"E48N37",NA
"E48N38",NA
"E48N39",NA
"E48N40",NA
"E48N41",NA
"E48N44",NA
"E48N45",NA
"E48N46",NA
"E48N47",NA
"E48N48",NA
"E48N49",NA
"E48N50",NA
"E48N51",NA
"E49N17",NA
"E49N18",NA
"E49N19",NA
"E49N20",NA
"E49N21",NA
"E49N22",NA
"E49N24",NA
"E49N25",NA
"E49N26",NA
"E49N27",NA
"E49N28",NA
"E49N29",NA
"E49N30",NA
"E49N31",NA
"E49N32",NA
"E49N33",NA
"E49N34",NA
"E49N35",NA
"E49N37",NA
"E49N38",NA
"E49N41",NA
"E49N42",NA
"E49N43",NA
"E49N44",NA
"E49N45",NA
"E49N46",NA
"E49N47",NA
"E49N48",NA
"E49N49",NA
"E49N50",NA
"E49N51",NA
"E49N52",NA
"E49N53",NA
"E50N18",NA
"E50N19",NA
"E50N21",NA
"E50N22",NA
"E50N24",NA
"E50N25",NA
"E50N26",NA
"E50N27",NA
"E50N28",NA
"E50N29",NA
"E50N30",NA
"E50N31",NA
"E50N32",NA
"E50N33",NA
"E50N34",NA
"E50N35",NA
"E50N36",NA
"E50N37",NA
"E50N38",NA
"E50N39",NA
"E50N40",NA
"E50N41",NA
"E50N42",NA
"E50N43",NA
"E50N44",NA
"E50N45",NA
"E50N46",NA
"E50N47",NA
"E50N48",NA
"E50N49",NA
"E50N50",NA
"E50N51",NA
"E50N52",NA
"E50N53",NA
"E51N18",NA
"E51N19",NA
"E51N25",NA
"E51N26",NA
"E51N27",NA
"E51N28",NA
"E51N29",NA
"E51N30",NA
"E51N31",NA
"E51N32",NA
"E51N33",NA
"E51N34",NA
"E51N35",NA
"E51N36",NA
"E51N37",NA
"E51N38",NA
"E51N39",NA
"E51N40",NA
"E51N41",NA
"E51N42",NA
"E51N43",NA
"E51N44",NA
"E51N45",NA
"E51N46",NA
"E51N47",NA
"E51N48",NA
"E51N49",NA
"E51N50",NA
"E51N51",NA
"E52N16",NA
"E52N17",NA
"E52N18",NA
"E52N19",NA
"E52N20",NA
"E52N24",NA
"E52N25",NA
"E52N26",NA
"E52N27",NA
"E52N28",NA
"E52N29",NA
"E52N30",NA
"E52N31",NA
"E52N32",NA
"E52N33",NA
"E52N34",NA
"E52N35",NA
"E52N36",NA
"E52N37",NA
"E52N38",NA
"E52N39",NA
"E52N40",NA
"E52N41",NA
"E52N42",NA
"E52N43",NA
"E52N44",NA
"E52N45",NA
"E52N46",NA
"E52N47",NA
"E52N48",NA
"E52N49",NA
"E53N16",NA
"E53N17",NA
"E53N18",NA
"E53N19",NA
"E53N20",NA
"E53N21",NA
"E53N22",NA
"E53N23",NA
"E53N24",NA
"E53N25",NA
"E53N26",NA
"E53N27",NA
"E53N28",NA
"E53N31",NA
"E53N35",NA
"E53N36",NA
"E53N37",NA
"E53N38",NA
"E53N39",NA
"E53N40",NA
"E53N41",NA
"E53N43",NA
"E53N44",NA
"E53N45",NA
"E53N46",NA
"E53N47",NA
"E54N15",NA
"E54N16",NA
"E54N17",NA
"E54N18",NA
"E54N19",NA
"E54N20",NA
"E54N21",NA
"E54N22",NA
"E54N23",NA
"E54N24",NA
"E54N25",NA
"E54N26",NA
"E54N27",NA
"E54N28",NA
"E54N37",NA
"E54N38",NA
"E54N45",NA
"E55N14",NA
"E55N15",NA
"E55N16",NA
"E55N17",NA
"E55N18",NA
"E55N19",NA
"E55N20",NA
"E55N21",NA
"E55N22",NA
"E55N23",NA
"E55N24",NA
"E55N25",NA
"E55N26",NA
"E55N27",NA
"E55N28",NA
"E55N29",NA
"E56N14",NA
"E56N15",NA
"E56N16",NA
"E56N17",NA
"E56N18",NA
"E56N19",NA
"E56N20",NA
"E56N21",NA
"E56N22",NA
"E56N23",NA
"E56N24",NA
"E56N25",NA
"E56N26",NA
"E56N27",NA
"E56N28",NA
"E57N14",NA
"E57N15",NA
"E57N16",NA
"E57N17",NA
"E57N18",NA
"E57N19",NA
"E57N21",NA
"E57N22",NA
"E57N23",NA
"E57N24",NA
"E57N25",NA
"E57N26",NA
"E57N27",NA
"E58N14",NA
"E58N15",NA
"E58N16",NA
"E58N17",NA
"E58N18",NA
"E58N22",NA
"E58N24",NA
"E58N25",NA
"E58N26",NA
"E59N16",NA
"E63N16",NA
"E64N16",NA
"E64N17",NA
"E65N16",NA
"E65N17",NA
