"NAME_ENGL","ISO3_CODE","calcgrass","calcgrass_himow","calcgrass_hilivestck","calcgrass_himow_hilivestck","calcgrass_intensive","mmucalc_grass","noncalc_grass","grass_missing_data","all_grass","non_grass","total_area","calcgrass_pc_totalarea","abiotic_calcgrass_pc_totalarea","all_grass_pc_totalarea","calcgrass_pc_grasstotalarea","abiotic_calcgrass_pc_grasstotalarea","mmucalc_grass_pc_grasstotalarea","missinggrass_pc_grasstotalarea"
"Austria","AUT",1233.276,739.7723,24.8259,38.5426,803.1408,2.2663,16421.3898,271.1869,17962.443,65980.7089,83943.1519,1.46918000109071,2.42594750602878,21.398342322669,6.8658589480284,11.3370814871897,0.0126168806770883,1.50974396968163
"Belgium","BEL",257.192,131.7263,154.8413,132.5759,419.1435,0.5085,7104.2935,138.475,7508.0612,23153.0116,30661.0728,0.838822573748952,2.20584421299179,24.4872749527538,3.42554479976801,9.0081244942436,0.00677272049940136,1.84435097572193
"Bulgaria","BGR",6076.0391,398.2129,0,0,398.2129,9.6143,11027.4708,557.2031,17687.1562,93310.0316,110997.1878,5.47404778483946,5.83280723441896,15.9347786647258,34.3528322546278,36.6042563699415,0.0543575230030478,3.15032611064972
"France","FRA",26088.7626,5106.3042,2049.8306,626.7151,7782.8499,72.589,88405.7068,3298.9114,118004.254,430917.888,548922.142,4.75272549672445,6.17056771960203,21.4974483576215,22.1083238236479,28.7037215624447,0.0615138840672642,2.79558684384378
"Cyprus","CYP",0,0,0,0,0,0,0,1309.7686,1309.7686,7811.7239,9121.4925,0,0,14.3591479135679,0,0,0,100
"Czechia","CZE",1125.0361,228.9367,0,0,228.9367,1.4587,12854.0381,184.7949,14177.9309,64694.6603,78872.5912,1.42639677850472,1.71665819443751,17.9757386999604,7.9351219013206,9.54986175027839,0.0102885252459511,1.30339822717009
"Germany","DEU",10056.5009,6153.3876,241.0286,262.3233,6656.7395,27.6399,51718.0289,2304.1898,64456.7814,293046.6282,357503.4096,2.81298041639713,4.67498769276073,18.0296969676789,15.6019284264169,25.9293747484574,0.0428812909978779,3.57478259068021
"Denmark","DNK",3.0821,0.9476,0,0,0.9476,0.1133,6032.2534,1246.449,7482.8861,35702.324,43185.2101,0.00713693413291973,0.00933120387898727,17.3274277991761,0.0411886531321117,0.0538522161923593,0.00151412167024699,16.6573295830335
"Estonia","EST",178.0654,11.8139,0,0,11.8139,0.2152,7362.7164,585.4068,8134.2515,37203.2439,45337.4954,0.392755264553057,0.418812945719097,17.9415546188288,2.18908156454223,2.33431803774447,0.00264560297895879,7.19681214675991
"Greece","GRC",5766.0071,535.3821,427.8211,66.8179,1030.0211,10.7058,12849.1436,2450.5982,21099.6399,110571.1778,131670.8177,4.37910783932194,5.16137768315842,16.0245377590603,27.3275142482408,32.2092141487211,0.0507392545595056,11.614407694228
"Spain","ESP",17152.9351,930.8251,499.0504,46.0244,1475.8999,585.035,52272.728,2332.6768,73509.5355,425043.5545,498553.09,3.44054333310821,3.73657998990639,14.7445752467405,23.3342993984774,25.3420659963223,0.795862735386214,3.17329824509638
"Finland","FIN",1485.919,30.999,0,0,30.999,1.5951,30199.6834,1672.6206,33576.1109,304392.6607,337968.7716,0.439661627009328,0.44883377621508,9.93467850329637,4.42552445822426,4.51784902819105,0.00475069910494011,4.98157932877211
"Croatia","HRV",0.0508,0.0361,0,0,0.0361,0.0016,121.7731,9163.0752,9285.0947,47219.6429,56504.7376,8.99039658579e-05,0.000153792414036447,16.4324180491372,0.000547113429010045,0.000935908601987656,1.72319190239384e-05,98.6858561604116
"Hungary","HUN",1060.5265,171.0875,0,0,171.0875,1.5867,13261.0503,377.0153,14712.8934,78298.8101,93011.7035,1.14020758688717,1.3241494926496,15.8183248412389,7.20814370883704,8.37098432317874,0.0107844185155314,2.56248237345348
"Ireland","IRL",653.6625,100.6617,4708.7502,590.1531,5399.565,1.1867,41100.5491,2712.1285,44549.2884,25387.541,69936.8294,0.934647031625371,8.65527870212543,63.6993252084716,1.46727932920248,13.5877086198306,0.00266379114598832,6.08792777035693
"Italy","ITA",14347.2073,2322.0571,405.9224,184.5182,2912.4977,33.7924,34975.5275,2586.1238,52046.0835999999,248557.0549,300603.1385,4.77280688804252,5.74169154923844,17.3138856299732,27.5663533307625,33.1623511437468,0.0649278440616424,4.96891143601822
"Lithuania","LTU",7639.5182,3178.2255,20.9668,11.1661,3210.3584,13.9991,4207.6853,258.278,12120.8391,52776.0023,64896.8414,11.7717874016593,16.7186512716781,18.6770863396751,63.0279647883454,89.5142366834983,0.115496129306757,2.13085907558991
"Luxembourg","LUX",99.3689,31.0399,38.263,21.9617,91.2646,0.193,599.4636,7.1632,706.6752,1888.9436,2595.6188,3.82833180280556,7.34443362792718,27.225692771219,14.0614669936061,26.9761129299571,0.0273109909616186,1.0136481370791
"Latvia","LVA",9856.9469,1057.4021,0,0,1057.4021,14.5029,1444.6953,226.2671,11542.9916,53049.2874,64592.279,15.2602556413902,16.8972966567722,17.8705439391603,85.3933472497718,94.553902300336,0.125642472095362,1.96021194366978
"Romania","ROU",5683.2752,311.6629,0,0,311.6629,9.4128,41947.5728,1015.9668,48715.2098,189653.107,238368.3168,2.3842410251059,2.51498948370306,20.4369483553781,11.6663260269896,12.3060911050413,0.0193220968125647,2.08552278471353
"Malta","MLT",NA,NA,NA,NA,NA,0,0,0,0,0,0,NA,NA,NA,NA,NA,NA,NA
"Netherlands","NLD",4.1552,3.8063,4.3906,5.819,14.0159,0.0092,10234.1983,991.7116,11394.6258,26003.0567,37397.6825,0.0111108489142342,0.0485888396961496,30.4688019103857,0.0364663137950524,0.15947079192368,8.07398168354068e-05,8.70332749321176
"Poland","POL",2480.7923,280.8315,0,0,280.8315,3.767,53284.247,1191.3636,57050.4268,254900.889,311951.3158,0.795249827248845,0.885273970689243,18.2882468867599,4.34842022952228,4.84067158635174,0.00660293044468512,2.08826413196965
"Portugal","PRT",555.2908,53.4305,23.2051,1.0697,77.7053,3.1085,16620.3647,294.0202,17806.5064,70972.3818,88778.8882,0.625476181622198,0.713002959187768,20.0571405668944,3.11847134708019,3.55485846454417,0.0174571020848873,1.65119531813382
"Sweden","SWE",5154.8628,455.5759,0,0,455.5759,8.8554,51304.5496,3187.5131,59720.5943,389906.9447,449627.539,1.14647399299979,1.24779694599623,13.2822367670856,8.63163345981639,9.39447901642868,0.0148280506980822,5.33737672466531
"Slovenia","SVN",66.8957,27.1577,0,0,27.1577,0.1282,3623.8687,73.5679,3769.2868,16504.2545,20273.5413,0.329965539863527,0.463921909883598,18.5921479835395,1.77475749523756,2.49525719295226,0.00340117393030427,1.951772414877
"Slovakia","SVK",1976.7662,172.0468,0,0,172.0468,2.0459,5965.6626,98.3801,8049.0403,40973.0128,49022.0531,4.03240189872831,4.38335986380791,16.4192231679501,24.559029726811,26.69651188105,0.0254179370924506,1.22225875797889
