"NUTS_ID","NAME_LATN","NAME_ENGL","ISO3_CODE","calcgrass","calcgrass_himow","calcgrass_hilivestck","calcgrass_himow_hilivestck","calcgrass_intensive","mmucalc_grass","noncalc_grass","grass_missing_data","all_grass","non_grass","total_area","calcgrass_pc_totalarea","abiotic_calcgrass_pc_totalarea","all_grass_pc_totalarea","calcgrass_pc_grasstotalarea","abiotic_calcgrass_pc_grasstotalarea","mmucalc_grass_pc_grasstotalarea","missinggrass_pc_grasstotalarea"
"AT11","Burgenland","Austria","AUT",255.9928,114.2882,0,0,114.2882,0.3824,170.4138,12.1284,438.985,3526.3925,3965.3775,6.45569810188311,9.33784992727679,11.0704466346521,58.3147032358737,84.349351344579,0.087110037928403,2.76282788705764
"AT33","Tirol","Austria","AUT",16.0745,32.9606,0,0,32.9606,0.3422,3558.1643,91.9588,3677.9423,8973.1239,12651.0662,0.127060437008859,0.387596580594923,29.0721923500803,0.437051445858735,1.33322102415799,0.00930411551045812,2.50027848452109
"AT34","Vorarlberg","Austria","AUT",0,0,0,0,0,0,893.4639,8.1825,914.0291,1704.9937,2619.0228,0,0,34.8996236306152,0,0,0,0.895212198386244
"BE22","Prov. Limburg (BE)","Belgium","BEL",0.6611,0.4117,5.3735,9.7885,15.5737,0.0012,413.7117,16.6051,431.3626,1995.2113,2426.5739,0.0272441733589898,0.669042059671045,17.7766108833529,0.153258534699114,3.76360862068246,0.000278188234214093,3.84945287329036
"BG34","Yugoiztochen","Bulgaria","BGR",861.3587,23.4323,0,0,23.4323,1.4371,2063.9262,172.9142,3103.1701,16696.7996,19799.9697,4.35030312192852,4.46864825252738,15.6726002464539,27.7573794617317,28.512487923237,0.0463107065900126,5.57217923696803
"BE23","Prov. Oost-Vlaanderen","Belgium","BEL",0,0,0,0,0,0,759.0654,12.5876,772.3583,2235.2511,3007.6094,0,0,25.680139847947,0,0,0,1.62976173105151
"BE24","Prov. Vlaams-Brabant","Belgium","BEL",0.9231,0.5089,0.2636,0.09,0.8625,0.0014,468.7986,9.6222,479.7917,1639.7541,2119.5458,0.0435517835943908,0.0842444640733878,22.6365337328403,0.192395991843961,0.372161502585393,0.000291793292797687,2.0054953013985
"BG41","Yugozapaden","Bulgaria","BGR",1317.4547,31.334,0,0,31.334,1.9399,3270.3916,101.9001,4696.7789,15603.2752,20300.0541,6.48990733477897,6.644261603224,23.136780211832,28.0501749826887,28.7173130504397,0.0413027745461895,2.16957413090065
"BE25","Prov. West-Vlaanderen","Belgium","BEL",0.2211,0.1228,0.0194,4e-04,0.1426,1e-04,687.5295,31.8213,720.0497,2450.6251,3170.6748,0.00697327900041972,0.0114707443349283,22.7096673553529,0.0307062137516341,0.0505104022680657,1.38879302359268e-05,4.41931994416496
"BE31","Prov. Brabant wallon","Belgium","BEL",0.2787,0.1281,0.097,0.1294,0.3545,0,166.0873,3.324,169.8496,927.4511,1097.3007,0.025398689711945,0.0577052397761161,15.4788564337925,0.164086344624892,0.372800406948265,0,1.95702550962734
"BE32","Prov. Hainaut","Belgium","BEL",37.6614,17.5529,10.1359,6.1049,33.7937,0.047,777.9554,16.6435,832.9891,2979.7987,3812.7878,0.987765435044667,1.87409065880876,21.8472452099222,4.52123563201487,8.57815546445926,0.00564233073397959,1.99804535257424
"BE10","Région de Bruxelles-Capitale/ Brussels Hoofdstedelijk Gewest","Belgium","BEL",0,0,0,0,0,0,6.8016,0.8683,7.675,154.1023,161.7773,0,0,4.74417609887172,0,0,0,11.3133550488599
"BE21","Prov. Antwerpen","Belgium","BEL",0,0,0,0,0,0,556.2312,19.1967,575.9576,2295.8643,2871.8219,0,0,20.0554776742945,0,0,0,3.33300576292422
"BE33","Prov. Liège","Belgium","BEL",22.4918,22.9236,39.7836,61.0134,123.7206,0.056,1181.1798,14.4403,1219.6961,2633.8997,3853.5958,0.5836574764795,3.7941810088126,31.6508571033838,1.84404951364524,11.9876090445809,0.00459130762162804,1.18392606158206
"BG42","Yuzhen tsentralen","Bulgaria","BGR",828.7429,46.2756,0,0,46.2756,1.4677,3176.0813,100.511,4112.1039,18257.5914,22369.6953,3.70475721231661,3.91162458077826,18.3824761350236,20.1537441697424,21.2790951123584,0.0356921915324173,2.44427189692362
"BE34","Prov. Luxembourg (BE)","Belgium","BEL",90.4464,32.1533,38.4177,16.1532,86.7242,0.2453,1310.0032,6.2599,1408.9104,3052.9802,4461.8906,2.0270869034754,3.97075177056112,31.5765339472913,6.41959914555248,12.575008318485,0.0174106174530332,0.444307885015257
"BE35","Prov. Namur","Belgium","BEL",104.5084,57.925,60.7506,39.2961,157.9717,0.1575,776.9298,7.1061,889.4211,2788.0737,3677.4948,2.8418367851941,7.13747032354743,24.1855161834627,11.7501597387334,29.5113417030471,0.0177081474680554,0.798957883953957
"AT12","Niederösterreich","Austria","AUT",440.4893,239.3246,19.6108,17.6649,276.6003,0.7443,1955.1213,25.1764,2423.1461,16773.295,19196.4411,2.29464043728397,3.73553408292957,12.6228923756081,18.178404513042,29.5933291021949,0.0307162659321285,1.03899636922429
"AT13","Wien","Austria","AUT",11.1007,8.1738,0,0,8.1738,0.0195,9.6889,3.5668,24.3779,389.6844,414.0623,2.6809250685223,4.65497583334682,5.88749567396017,45.5359157269494,79.0654650318526,0.0799904831835392,14.6312848932845
"AT21","Kärnten","Austria","AUT",21.485,5.3553,0,0,5.3553,0.0267,2148.5336,27.7171,2199.81,7343.3549,9543.1649,0.225134954966565,0.281251558379757,23.0511577977658,0.976675258317764,1.22011901027816,0.00121374118673886,1.25997699801347
"BG31","Severozapaden","Bulgaria","BGR",1138.4228,135.4517,0,0,135.4517,1.8129,1497.0796,56.48,2695.6539,16365.5028,19061.1567,5.97247490232322,6.6830912732594,14.1421317836393,42.2317865064206,47.2566044179485,0.0672526988720622,2.09522446483208
"AT22","Steiermark","Austria","AUT",435.866,247.8577,0,0,247.8577,0.6375,2976.7633,34.6907,3450.6976,12962.9619,16413.6595,2.65550774950583,4.1655774569955,21.0233287707717,12.6312430274968,19.8140717981199,0.0184745252670069,1.00532425675319
"BG32","Severen tsentralen","Bulgaria","BGR",930.3436,91.6844,0,0,91.6844,1.3405,539.2504,39.1677,1510.618,13307.6723,14818.2903,6.27834642974973,6.8970709799092,10.1942799703418,61.586953154272,67.6562837196432,0.0887385162893597,2.59282624727098
"AT31","Oberösterreich","Austria","AUT",52.2677,91.8121,5.2151,20.8777,117.9049,0.1137,2399.9361,22.0328,2476.3042,9508.1461,11984.4503,0.436129306656643,1.41994497653347,20.6626431585268,2.11071402293789,6.87203938837563,0.00459151989484975,0.889745290582635
"AT32","Salzburg","Austria","AUT",0,0,0,0,0,0,2309.3046,45.7334,2357.1508,4798.7565,7155.9073,0,0,32.9399292246282,0,0,0,1.94019831060448
"BG33","Severoiztochen","Bulgaria","BGR",999.7164,70.0349,0,0,70.0349,1.6162,480.7417,86.2301,1568.8314,13079.1903,14648.0217,6.82492435138869,7.30304284024921,10.7101930358282,63.7236353122458,68.1877797703437,0.103019355680923,5.49645423976088
"EL63","Dytiki Elláda","Greece","GRC",672.0046,105.7052,220.727,56.3043,382.7365,1.5079,1653.6809,184.4711,2514.5717,8801.4747,11316.0464,5.93851046775488,9.32075623161107,22.2212918815886,26.7244159313492,41.9451590901146,0.0599664746087773,7.33608431209179
"EL41","Voreio Aigaio","Greece","GRC",70.5434,4.1655,0,0,4.1655,0.1745,245.1369,194.6168,511.1449,3338.4277,3849.5726,1.8324995351432,1.94070635270004,13.2779649356399,13.8010571953276,14.6159924514556,0.0341390474599277,38.074682932374
"DED4","Chemnitz","Germany","DEU",60.2064,64.338,0,0,64.338,0.1382,1082.5635,15.4603,1159.454,5365.8956,6525.3496,0.92265401381713,1.90862417547713,17.7684579535785,5.19265102367149,10.7416421867534,0.0119194034433449,1.33341210604302
"DED5","Leipzig","Germany","DEU",55.4184,58.7735,0,0,58.7735,0.2184,397.0124,30.1875,484.4741,3493.3644,3977.8385,1.39317873262074,2.87070226707293,12.1793305585433,11.4388777439289,23.5702796083423,0.0450798092199356,6.23098324554398
"EL42","Notio Aigaio","Greece","GRC",58.3603,5.0277,4.1325,0.2644,9.4246,0.1564,389.9584,729.3397,1178.8758,4104.0548,5282.9306,1.10469556423853,1.28309275915909,22.3148076183322,4.95050454000328,5.74996110701398,0.0132668767990657,61.8673909499202
"EL43","Kriti","Greece","GRC",233.2879,2.7444,185.7787,7.4135,195.9366,0.4793,634.7939,250.8381,1120.6836,7229.845,8350.5286,2.79369021022214,5.14008777839525,13.4205108883766,20.8165712427665,38.3002392468311,0.0427685387740126,22.3825975502809
"EL64","Sterea Elláda","Greece","GRC",1038.7132,108.6808,0,0,108.6808,1.9106,847.5326,210.3192,2099.9063,13464.3997,15564.306,6.67368785990201,7.37195734907808,13.4918081153121,49.4647404029408,54.6402475196155,0.0909850120455374,10.0156468886255
"DEE0","Sachsen-Anhalt","Germany","DEU",375.5818,141.5508,0,0,141.5508,1.8518,2458.2098,105.6564,2964.9086,17590.051,20554.9596,1.82720767789784,2.51585315691888,14.4242978711571,12.6675675600927,17.4417720667679,0.0624572372989845,3.56356347713383
"EL51","Anatoliki Makedonia, Thraki","Greece","GRC",268.365,22.9519,0,0,22.9519,0.487,1302.1111,116.6121,1689.8368,12500.2697,14190.1065,1.89121202155882,2.05295781254355,11.9085561479049,15.8811194075073,17.2393511610115,0.0288193510757962,6.90079065623379
"DEF0","Schleswig-Holstein","Germany","DEU",363.6225,356.3132,72.9546,95.4007,524.6685,3.6548,3727.3864,417.9108,4548.8873,11068.9882,15617.8755,2.32824560549224,5.68765578903481,29.1261593166113,7.99365814140965,19.5276545980816,0.0803449230320566,9.18709944737474
"EL65","Peloponnisos","Greece","GRC",1018.1208,77.4552,0,0,77.4552,1.8048,823.4271,142.3509,1987.0872,13512.2048,15499.292,6.56882133712946,7.06855513142149,12.8205030268479,51.2368455697364,55.1347721428632,0.0908264116441392,7.16379734115342
"DEA3","Münster","Germany","DEU",123.402,136.4963,10.6884,10.2757,157.4604,0.1924,757.9266,26.5262,909.2111,6009.1767,6918.3878,1.783681452491,4.05965100713204,13.1419504989298,13.5724255896128,30.8907799299854,0.0211612022774469,2.91749627781711
"EL52","Kentriki Makedonia","Greece","GRC",352.6602,35.2481,0,0,35.2481,0.4952,2083.366,158.1752,2598.1612,16244.6256,18842.7868,1.87159258204843,2.05865673754797,13.7886249394914,13.5734534100501,14.9301090324957,0.0190596334053484,6.08796713614228
"DK04","Midtjylland","Denmark","DNK",0,0,0,0,0,0,1962.6231,271.3566,2327.6307,10847.611,13175.2417,0,0,17.6667020841067,0,0,0,11.6580607052485
"DEA4","Detmold","Germany","DEU",351.4824,275.3914,0,0,275.3914,0.7326,653.7714,22.8573,1031.9266,5493.0513,6524.9779,5.38672169295776,9.60729384232857,15.8150206148591,34.060794634037,60.7479059072612,0.0709934214313305,2.2150121917586
"DEG0","Thüringen","Germany","DEU",772.4246,232.1297,0,0,232.1297,1.6405,1465.0027,42.6087,2283.31,13917.6614,16200.9714,4.76776719697191,6.2005806639471,14.0936610751624,33.8291602979885,43.9955284214583,0.0718474495359807,1.86609352212358
"EL53","Dytiki Makedonia","Greece","GRC",481.1938,23.4019,0,0,23.4019,0.6391,1694.6618,41.677,2220.9018,7240.9492,9461.851,5.08562013923069,5.33294912380252,23.4721705087091,21.6665950741271,22.7203066790256,0.0287765987672215,1.876580045097
"DEA5","Arnsberg","Germany","DEU",181.6458,143.3912,0,0,143.3912,0.2599,1292.9091,33.4139,1509.4811,6505.2423,8014.7234,2.26640135828019,4.05549865888073,18.8338514589287,12.0336584538886,21.5330288004268,0.0172178373084632,2.21360174698444
"DK01","Hovedstaden","Denmark","DNK",0.056,0.0305,0,0,0.0305,1e-04,393.507,112.0892,506.1822,2071.0414,2577.2236,0.00217288092503887,0.00335632500028325,19.6406008388252,0.0110632100457108,0.0170887083741783,1.97557322244836e-05,22.1440422045659
"DK05","Nordjylland","Denmark","DNK",2.9023,0.8792,0,0,0.8792,0.112,1400.1157,245.9089,1697.0489,6249.7491,7946.798,0.0365216279563165,0.047585203499573,21.3551281912539,0.171020410784863,0.222827992758488,0.00659969197116241,14.4903838657802
"EL54","Ipeiros","Greece","GRC",774.5086,76.0749,17.1829,2.8357,96.0935,1.5975,832.4484,125.648,1735.823,7413.4865,9149.3095,8.46521368634431,9.51549513108066,18.9721748947284,44.6190999888813,50.1550042832708,0.0920312727737793,7.2385260478747
"DEB1","Koblenz","Germany","DEU",133.7091,76.0954,0,0,76.0954,0.1722,1246.0721,19.9267,1400.9446,6672.1243,8073.0689,1.65623632916102,2.59881963846487,17.3533090990961,9.54421038490743,14.9759312395365,0.0122917066099544,1.42237601686748
"DEB2","Trier","Germany","DEU",317.5807,193.2361,4.0373,1.1817,198.4551,0.4948,820.4855,11.9208,1151.1285,3777.3358,4928.4643,6.44380644088261,10.4705191838358,23.3567381222585,27.5886401909083,44.828687674747,0.0429839066620278,1.0355750900095
"DK02","Sjælland","Denmark","DNK",0.0899,0.023,0,0,0.023,3e-04,697.9643,229.3993,932.4129,6393.005,7325.4179,0.00122723373911542,0.00154120900051313,12.7284601742653,0.00964165124699583,0.0121083695860493,3.21745870311318e-05,24.6027591424357
"EL61","Thessalia","Greece","GRC",724.1439,63.3387,0,0,63.3387,1.2967,1859.5464,67.4766,2655.6718,11396.1511,14051.8229,5.15338049129555,5.60413126185927,18.8991266037092,27.2678235315072,29.6528584593925,0.0488275697320731,2.54084860938012
"DEB3","Rheinhessen-Pfalz","Germany","DEU",96.7268,15.3249,0,0,15.3249,0.1282,555.3766,16.5568,670.2756,6180.3889,6850.6645,1.41193310517542,1.63563257257745,9.7840961267334,14.4308997672002,16.7172577966436,0.0191264608170132,2.47014810027398
"EE00","Eesti","Estonia","EST",178.0654,11.8139,0,0,11.8139,0.2152,7362.7164,585.4068,8134.2515,37203.2439,45337.4954,0.392755264553057,0.418812945719097,17.9415546188288,2.18908156454223,2.33431803774447,0.00264560297895879,7.19681214675991
"DEC0","Saarland","Germany","DEU",163.3848,20.6432,0,0,20.6432,0.2076,294.7711,6.5315,465.1613,2107.1442,2572.3055,6.35168723155162,7.15420466192682,18.0834391560411,35.1243321402705,39.562190577763,0.0446296800701176,1.4041365865991
"EL62","Ionia Nisia","Greece","GRC",16.3034,3.7486,0,0,3.7486,0.0377,157.7824,96.7531,271.1881,2024.1615,2295.3496,0.710279601852371,0.8735924148548,11.814675202418,6.01184196504198,7.39412975716855,0.0139017899384228,35.6774873233744
"DED2","Dresden","Germany","DEU",80.6144,45.2486,0,0,45.2486,0.1527,1103.3363,38.7623,1226.5829,6719.4698,7946.0527,1.01452133585774,1.58396885537897,15.4363801287147,6.57227489475029,10.2612713743197,0.0124492196980734,3.16018591160858
"DK03","Syddanmark","Denmark","DNK",0.0339,0.0149,0,0,0.0149,9e-04,1578.0433,387.695,2019.6114,10140.9175,12160.5289,0.000278770769583879,0.000401298334976203,16.6079240188311,0.00167854073313312,0.00241630642409723,4.45630283132686e-05,19.1965147354585
"EL30","Attiki","Greece","GRC",57.802,6.8392,0,0,6.8392,0.1191,324.6977,132.3204,515.7877,3301.1275,3816.9152,1.51436426986903,1.69354561505584,13.5132082578099,11.206548740887,12.5325206475455,0.0230908957309374,25.6540433205367
"DE92","Hannover","Germany","DEU",249.1421,144.1431,0,0,144.1431,0.7181,919.3376,29.6204,1233.7176,7830.518,9064.2356,2.74862780486421,4.33886780259772,13.6108289153473,20.1944188848404,31.8780570205045,0.0582061891635493,2.40090600960868
"DE24","Oberfranken","Germany","DEU",512.3422,181.6187,0,0,181.6187,0.6563,628.9744,10.9043,1153.2418,6077.9614,7231.2032,7.08515838691962,9.59675562705802,15.9481315640528,44.4262599569319,60.1747959534592,0.0569091408237197,0.945534579131627
"CZ02","Střední Čechy","Czechia","CZE",117.1905,29.0373,0,0,29.0373,0.1922,1162.058,23.5355,1304.2358,9627.1202,10931.356,1.07205821491862,1.3376913166125,11.9311437666105,8.98537672405557,11.2117609407747,0.0147365990107004,1.8045433195439
"DE27","Schwaben","Germany","DEU",235.4619,133.0619,32.5794,22.4236,188.0649,0.3908,2582.5785,31.4322,2858.4972,7172.5063,10031.0035,2.34734142002842,4.22217777114722,28.4966224964431,8.2372618731269,14.816414723093,0.0136715194263615,1.09960576487533
"DE30","Berlin","Germany","DEU",16.7003,4.9419,0,0,4.9419,0.0207,31.3715,7.8808,55.9989,837.1066,893.1055,1.86991346487061,2.42325234812684,6.2701326998882,29.8225500858053,38.6475448624884,0.036965011812732,14.0731335794096
"DE93","Lüneburg","Germany","DEU",135.1111,194.6337,4.6826,11.4172,210.7335,0.6495,3136.1659,155.8627,3484.8247,11992.3149,15477.1396,0.872972031602015,2.23455114406282,22.515947972712,3.87712759267346,9.92430408335891,0.0186379532950395,4.47261235263857
"DE25","Mittelfranken","Germany","DEU",749.6428,330.2522,0,0,330.2522,1.2391,448.0778,15.8574,1215.0106,6031.1641,7246.1747,10.3453591865512,14.9029666646044,16.7676139522278,61.6984576101641,88.8794715041993,0.101982649369479,1.30512441619851
"CZ03","Jihozápad","Czechia","CZE",6.6983,1.6854,0,0,1.6854,0.0095,3618.6568,39.2841,3667.7158,14041.6305,17709.3463,0.0378235305049063,0.0473405390463227,20.7106221645234,0.182628654052203,0.22858096038957,0.000259016797321101,1.07107808080441
"DEA2","Köln","Germany","DEU",217.2742,132.0009,1.3216,1.4769,134.7994,0.3616,1257.3744,44.8681,1522.109,5844.0744,7366.1834,2.94961702962758,4.77959318797303,20.6634686831175,14.2745493259681,23.1306430748389,0.0237565115244703,2.94775866905721
"DE26","Unterfranken","Germany","DEU",266.2033,101.1979,0,0,101.1979,0.4777,625.5995,19.7368,912.8317,7616.5861,8529.4178,3.12100199851859,4.3074592969288,10.7021571859219,29.1623636646273,40.2485145947495,0.0523316620139287,2.16215102959286
"CZ04","Severozápad","Czechia","CZE",101.9048,8.578,0,0,8.578,0.1253,1661.6392,34.3479,1799.6435,6850.4496,8650.0931,1.17807749375553,1.27724405648305,20.8049032443362,5.66249926721598,6.13914922594392,0.00696249007095017,1.90859467444524
"DE40","Brandenburg","Germany","DEU",399.6252,204.6164,0,0,204.6164,0.7452,4352.918,156.7682,4920.9722,24730.1238,29651.096,1.34775861236293,2.03783900601853,16.5962573525107,8.12085871974648,12.2789070013442,0.0151433491130066,3.18571602578856
"DE50","Bremen","Germany","DEU",2.2421,1.5854,0,0,1.5854,0.0019,106.9741,13.7867,124.0636,278.6651,402.7287,0.556727146587765,0.950391665654819,30.8057508690093,1.80721823322876,3.08511118490838,0.00153147256729613,11.1126067597587
"DE60","Hamburg","Germany","DEU",9.2173,3.9878,0,0,3.9878,0.0077,105.5985,15.9147,132.0476,611.3176,743.3652,1.23994235942172,1.77639469805689,17.7634896010736,6.98028589690384,10.0002574829077,0.00583123055625396,12.0522447965734
"DE94","Weser-Ems","Germany","DEU",88.4066,145.264,110.6772,111.2023,367.1435,0.1752,3617.6061,333.7511,4148.8319,10843.5733,14992.4052,0.589675898034026,3.03853913980393,27.672890671338,2.13087929641112,10.9802014393497,0.00422287535920653,8.04445945375613
"DEA1","Düsseldorf","Germany","DEU",24.501,10.7892,0.6384,0.7653,12.1929,0.0293,822.9496,57.6886,905.8439,4386.2703,5292.1142,0.462971868596486,0.693369391008229,17.1168622929566,2.70477065640117,4.0507972731284,0.00323455288488447,6.36849240801864
"DE13","Freiburg","Germany","DEU",140.8255,183.7575,0,0,183.7575,2.7111,1698.7158,24.5873,1872.3803,7527.7734,9400.1537,1.4981191211799,3.45295417882369,19.9186136711786,7.52120175586124,17.3353137714598,0.144794302738605,1.31315737513367
"CZ05","Severovýchod","Czechia","CZE",587.3584,133.4395,0,0,133.4395,0.7224,1995.7813,23.1665,2609.0357,9830.782,12439.8177,4.72159973855565,5.79428024897825,20.9732631371278,22.5124707952444,27.6269849431344,0.0276883907721155,0.887933423065081
"DE71","Darmstadt","Germany","DEU",141.1526,39.8412,0,0,39.8412,0.2624,897.0923,26.1007,1065.8284,6378.0515,7443.8799,1.8962235003281,2.43144438695203,14.3181837202935,13.2434639572374,16.9815140973913,0.0246193477298972,2.44886512688159
"DE72","Gießen","Germany","DEU",161.5365,42.2323,0,0,42.2323,0.2115,973.125,9.3929,1145.6485,4235.9808,5381.6293,3.00162815004742,3.78637748237323,21.2881348033392,14.1000053681387,17.7863280054921,0.0184611597710816,0.819876253493109
"DE14","Tübingen","Germany","DEU",348.2174,372.9096,0.5778,0.8015,374.2889,1.2439,1770.1968,21.3465,2151.8399,6984.0104,9135.8503,3.81154888231914,7.90847350027178,23.5537999128554,16.1823098456349,33.5762107580587,0.0578063451653629,0.99201153394358
"CZ06","Jihovýchod","Czechia","CZE",87.6987,15.0658,0,0,15.0658,0.1178,1593.8253,20.945,1704.3517,12277.8709,13982.2226,0.627215733212544,0.734965412437362,12.1894190126826,5.1455752941133,6.02953604000864,0.00691171898382241,1.22891302305739
"DE73","Kassel","Germany","DEU",347.6436,131.8528,0,0,131.8528,0.9288,1180.2587,15.5049,1545.5715,6744.9806,8290.5521,4.19325029029128,5.78364859440422,18.6425642268143,22.4928837003011,31.0238898685696,0.0600942758067161,1.00318231799694
"DE21","Oberbayern","Germany","DEU",183.9457,283.0748,2.8713,7.3784,293.3245,0.5227,3273.0031,54.2712,3518.4006,14013.5756,17531.9762,1.04920117333949,2.72228409710025,20.0684769353041,5.22810563413387,13.5649760860091,0.0148561820959216,1.54249632631372
"CZ07","Střední Morava","Czechia","CZE",170.2422,32.9736,0,0,32.9736,0.2278,1550.0261,16.5851,1738.7755,7494.699,9233.4745,1.8437501506069,2.20085949227455,18.8312157032545,9.7909247053458,11.6872937305592,0.013101173785805,0.953837916395762
"CZ08","Moravskoslezsko","Czechia","CZE",51.664,7.817,0,0,7.817,0.0613,1227.6032,17.72,1298.1854,4131.4832,5429.6686,0.951512952374294,1.09548122329234,23.9091092962838,3.97970890752584,4.58185710608053,0.00472197576709767,1.36498222827032
"DE80","Mecklenburg-Vorpommern","Germany","DEU",760.7069,483.2363,0,0,483.2363,2.2975,2871.8574,374.43,4021.5192,19062.0988,23083.618,3.29544051543393,5.38885715402152,17.4215289821552,18.9159086944058,30.9321711058846,0.057130151212507,9.31066050859586
"DE22","Niederbayern","Germany","DEU",184.1655,235.6709,0,0,235.6709,0.2889,1350.9802,14.8733,1551.3199,8774.1046,10325.4245,1.78361189895873,4.06604493597333,15.0242723676881,11.8715359739793,27.0631737528797,0.0186228514183309,0.958751318796336
"DE11","Stuttgart","Germany","DEU",967.4605,530.7757,0,0,530.7757,2.2879,728.836,26.4917,1725.3555,8828.8783,10554.2338,9.16656309053908,14.1955941889406,16.3475201771634,56.0731107299336,86.8363766191953,0.132604555988606,1.53543429165757
"DE91","Braunschweig","Germany","DEU",257.19,143.3891,0,0,143.3891,0.3917,690.1677,20.2943,971.3719,7150.4023,8121.7742,3.16667262185152,4.93216248242902,11.9600948768066,26.4769857970979,41.2384896042391,0.0403244112785227,2.08924100028012
"DE23","Oberpfalz","Germany","DEU",340.2941,238.9782,0,0,238.9782,0.6869,1194.511,13.7487,1550.0214,8137.9582,9687.9796,3.51253939469485,5.97928901501816,15.999428817955,21.954154955538,37.3718904784153,0.0443155171922143,0.887000656894156
"CY00","Kýpros","Cyprus","CYP",0,0,0,0,0,0,0,1309.7686,1309.7686,7811.7239,9121.4925,0,0,14.3591479135679,0,0,0,100
"CZ01","Praha","Czechia","CZE",2.2792,0.3401,0,0,0.3401,0.0024,44.4482,9.2108,55.9875,440.6249,496.6124,0.458949474479493,0.527433467227157,11.2738828108199,4.07090868497432,4.67836570663095,0.0042866711319491,16.451529359232
"DE12","Karlsruhe","Germany","DEU",241.6928,120.6438,0,0,120.6438,0.4894,598.9355,20.7571,863.7879,6056.7379,6920.5258,3.49240515800114,5.23568021377798,12.4815357237741,27.9805725456446,41.9474039865573,0.0566574271299702,2.40303204062016
"FRB0","Centre — Val de Loire","France","FRA",2525.4061,266.4129,0.1649,4e-04,266.5782,4.774,3312.8741,106.8122,5955.126,33576.6544,39531.7804,6.38829335397199,7.06263232201907,15.0641482365414,42.407265606135,46.8837149709343,0.0801662299000894,1.79361780086601
"FRF1","Alsace","France","FRA",315.3544,69.6834,0.9011,0.195,70.7795,0.4208,649.9569,31.9628,1002.9455,7327.6126,8330.5581,3.78551348198388,4.63515043487903,12.0393554424643,31.4428251584956,38.499988284508,0.0419564173726289,3.18689300664891
"FRE1","Nord-Pas de Calais","France","FRA",835.7058,388.8114,159.1478,89.4383,637.3975,1.2791,1338.181,76.3861,2252.8326,10185.2697,12438.1023,6.71891724190112,11.8434730995901,18.1123498236544,37.0957788874326,65.3889374647721,0.0567774099149666,3.39066915136082
"FRI1","Aquitaine","France","FRA",2603.565,540.2432,0.1129,0.0458,540.4019,3.8775,5572.766,168.4753,8354.23259999999,33369.973,41724.2056,6.23993905350711,7.53511506040513,20.0225084692805,31.1646218708347,37.6332219909702,0.0464135987786598,2.01664602922356
"FRF2","Champagne-Ardenne","France","FRA",2104.0356,270.7185,72.5184,19.5243,362.7612,30.5556,1277.5636,58.7071,3473.6711,22252.48,25726.1511,8.178586807725,9.58867414877307,13.5024904677638,60.5709504276326,71.0141152972139,0.879634229043734,1.69005925748123
"FRE2","Picardie","France","FRA",1052.4219,341.7571,62.4984,26.9109,431.1664,1.6352,900.2684,74.1494,2029.2299,17464.1822,19493.4121,5.39885934079237,7.61071634041944,10.4098240451193,51.8631181218057,73.1109028109629,0.0805822938051524,3.65406600799643
"FRI2","Limousin","France","FRA",79.2128,13.1731,10.4791,1.5375,25.1897,0.1407,6509.0099,29.624,6629.563,10426.1773,17055.7403,0.464434838984972,0.612125291330802,38.8699809178028,1.19484195262946,1.57480214005056,0.00212231183262004,0.446846949037214
"FRF3","Lorraine","France","FRA",2703.5471,541.4095,37.0069,4.4465,582.8629,5.2696,1850.2082,78.2014,4639.4265,19030.3591,23669.7856,11.4219332007807,13.8844096669807,19.600627476744,58.2733038232204,70.8365570615247,0.113583004278654,1.68558333664732
"FRC1","Bourgogne","France","FRA",2647.9452,187.9518,310.9355,14.3449,513.2322,3.9616,6145.8305,72.3274,8878.6875,22874.4176,31753.1051,8.3391693242624,9.95549062066374,27.9616354748248,29.8236107532786,35.604107025954,0.0446192075123716,0.814618151613063
"FRG0","Pays de la Loire","France","FRA",1037.5174,159.9579,318.4266,126.0993,604.4838,1.9779,7157.7967,229.9423,8440.246,23887.3182,32327.5642,3.20938934211443,5.07926050302299,26.1085120666159,12.2925019010109,19.4544234848131,0.023434151089909,2.72435542755507
"FRC2","Franche-Comté","France","FRA",282.6108,104.8467,0,0,104.8467,0.3842,4195.6579,45.9583,4529.3478,11776.2902,16305.638,1.73320909000923,2.37621796828802,27.7778017640279,6.2395473361529,8.55437729908929,0.00848245745226278,1.0146780955969
"FR10","Ile-de-France","France","FRA",452.2944,82.0718,0,0,82.0718,0.6346,395.4557,95.8662,944.6282,11124.9794,12069.6076,3.74738280638055,4.42737011599283,7.8265029925248,47.880679403812,56.5689442682317,0.0671798703447557,10.1485642711069
"FRD1","Basse-Normandie ","France","FRA",871.7036,248.5624,432.6509,119.7531,800.9664,2.1498,5256.4601,267.2813,6408.0903,11340.359,17748.4493,4.91143527677091,9.4243162978751,36.1050714441853,13.6031728516685,26.1024723699664,0.033548216385153,4.17099771518513
"FRH0","Bretagne","France","FRA",30.1337,25.5793,13.7902,11.4017,50.7712,0.0817,5283.6402,420.3776,5741.5991,21673.9426,27415.5417,0.10991466201815,0.295105969035075,20.9428621284547,0.5248311398126,1.4091004716787,0.00142294853014032,7.32161184851795
"FRI3","Poitou-Charentes","France","FRA",1474.8955,239.9159,129.9295,36.6778,406.5232,2.5186,2753.0374,105.8815,4341.4982,21586.8547,25928.3529,5.68835014583591,7.25622143163594,16.744211314711,33.9720398824535,43.3357014866434,0.0580122318143538,2.43882399859108
"FRD2","Haute-Normandie ","France","FRA",724.0028,340.596,116.5423,76.0621,533.2004,1.5086,1450.6648,85.8838,2264.0699,10062.1691,12326.239,5.8736716041284,10.1994063233724,18.3678890211361,31.9779349568668,55.5284622616996,0.0666322183780634,3.79333694600154
"ES52","Comunitat Valenciana ","Spain","ESP",277.2439,0.6165,0,0,0.6165,5.5561,1020.1223,79.6014,1399.1115,21864.9178,23264.0293,1.19172778036348,1.19437779421985,6.0140549255584,19.8157116141208,19.8597752931057,0.397116312745625,5.68942503867633
"ES24","Aragón","Spain","ESP",1288.0643,20.0051,3.2711,0.0985,23.3747,37.4879,4816.5879,183.7391,6464.7579,41253.7514,47718.5093,2.69929702099894,2.74828157718665,13.5476945839966,19.9244011906463,20.285972348632,0.579880957336392,2.84216521085809
"FI19","Länsi-Suomi","Finland","FIN",16.0398,3.3382,0,0,3.3382,0.0357,4175.8005,321.683,4701.0459,59990.1386,64691.1845,0.024794413835474,0.029954622333434,7.26690342174829,0.341196413334318,0.412206143318022,0.000759405476130323,6.84279640834819
"FI1B","Helsinki-Uusimaa","Finland","FIN",0,0,0,0,0,0,777.2701,102.79,881.1122,8637.314,9518.4262,0,0,9.25691055943681,0,0,0,11.6659376637845
"FI1C","Etelä-Suomi","Finland","FIN",0,0,0,0,0,0,2303.5858,300.3771,2606.9808,32589.3694,35196.3502,0,0,7.40696346406963,0,0,0,11.5220296213919
"FI1D","Pohjois- ja Itä-Suomi","Finland","FIN",1469.8792,27.6608,0,0,27.6608,1.5594,22889.5078,863.3969,25248.9792,201852.1634,227101.1426,0.647235493037101,0.659415440563266,11.1179445910899,5.82153911394564,5.93109126566194,0.00617609126946407,3.41953190725429
"FI20","Åland","Finland","FIN",0,0,0,0,0,0,53.5192,84.3736,137.9928,1323.6753,1461.6681,0,0,9.44077523481562,0,0,0,61.1434799496785
"ES30","Comunidad de Madrid","Spain","ESP",488.4505,47.8704,8.9881,0.018,56.8765,10.7545,1222.3567,97.5301,1850.5901,6179.8012,8030.3913,6.08252427250961,6.79078988342698,23.0448309536299,26.3943106579896,29.4677357238645,0.581138956703594,5.27021624075477
"ES11","Galicia","Spain","ESP",41.6431,2.1542,3.3244,2.4767,7.9553,1.9269,4606.1964,301.1453,5058.697,24514.067,29572.764,0.140815718138487,0.167716483991824,17.10593233693,0.823198147665298,0.980458011223048,0.0380908364347578,5.9530211040511
"ES41","Castilla y León","Spain","ESP",5397.1705,214.9659,247.6555,9.6807,472.3021,227.1639,10584.8157,200.7426,16678.0951,77542.1911,94220.2862,5.72824676900631,6.22952109011955,17.7011721919393,32.3608329826588,35.1927037518811,1.36204943453045,1.20363026350653
"ES53","Illes Balears","Spain","ESP",307.7833,35.5067,0,0,35.5067,1.0294,238.3242,113.2194,660.9991,4330.683,4991.6821,6.16592350702782,6.87724084031713,13.2420111449004,46.5633463041024,51.9350177632617,0.155733948805679,17.1285255910333
"ES12","Principado de Asturias","Spain","ESP",783.4674,174.3449,28.2433,12.9144,215.5026,62.7151,1450.1772,123.2252,2487.5146,8116.4072,10603.9218,7.38846829292913,9.42075977965058,23.4584396878521,31.4959920235242,40.1593622807279,2.52119525248213,4.95374780915858
"ES13","Cantabria","Spain","ESP",687.9333,29.372,24.4802,2.5509,56.4031,81.0148,1127.748,109.0313,2031.0367,3292.4164,5323.4531,12.9226892221517,13.9822101560358,38.1526175181293,33.8710423105599,36.6481019274541,3.98883978807473,5.36825848592495
"ES61","Andalucía","Spain","ESP",2688.0486,83.8387,16.5457,3.0549,103.4393,56.2768,5611.9269,376.6476,8979.6188,78632.4494,87612.0682,3.06812595025579,3.18619107772644,10.249294400289,29.9349967951869,31.0869309953336,0.626717027230599,4.19447204150804
"ES62","Región de Murcia","Spain","ESP",2.3677,0.0353,0,0,0.0353,0.0049,448.1989,24.6956,479.7988,10836.3399,11316.1387,0.0209232147357826,0.0212351585969868,4.23995156581105,0.493477682728677,0.500834933309546,0.00102126141207523,5.14707414858062
"ES63","Ciudad de Ceuta","Spain","ESP",0,0,0,0,0,0,0,0.6697,0.6697,19.2811,19.9508,0,0,3.35675762375444,0,0,0,100
"ES64","Ciudad de Melilla","Spain","ESP",0,0,0,0,0,0,0,0.24,0.24,13.25,13.49,0,0,1.77909562638992,0,0,0,100
"ES42","Castilla-La Mancha","Spain","ESP",2218.3714,128.7618,24.2545,0.2492,153.2655,34.1711,6157.5636,124.3046,8626.7504,70827.4276,79454.178,2.79201353011292,2.98491150459073,10.8575163913973,25.7150293811677,27.4916601273175,0.396106278906597,1.44092032615201
"ES21","País Vasco","Spain","ESP",242.2536,28.5284,1.0952,0.1872,29.8108,15.0943,1212.3676,91.9988,1573.7423,5656.9503,7230.6926,3.35035125127571,3.76263264185785,21.7647518302742,15.3934732516245,17.2877351012297,0.959134160656418,5.84586180342233
"ES43","Extremadura","Spain","ESP",1663.8007,56.7201,94.4867,5.2036,156.4104,12.9606,10264.0548,243.2463,12267.1871,29364.279,41631.4661,3.99649797584236,4.37220033430434,29.466142437871,13.5630172299239,14.8380479172768,0.105652582734309,1.98290201345343
"ES22","Comunidad Foral de Navarra","Spain","ESP",64.8144,5.8322,0.0574,0.0118,5.9014,3.0969,1314.2482,25.3588,1454.2183,8936.4606,10390.6789,0.62377444846265,0.680569582416795,13.9954117916203,4.45699246117313,4.86280498601895,0.212959773646089,1.74380971550145
"ES23","La Rioja","Spain","ESP",375.5996,2.1883,1.7093,0.0552,3.9528,33.5441,229.9345,14.1117,669.0644,4377.7677,5046.8321,7.44228443819242,7.5206068377032,13.257116280924,56.1380339471058,56.7288290932831,5.01358314685402,2.10916916219126
"ES51","Cataluña","Spain","ESP",625.9228,100.0846,44.939,9.5233,154.5469,2.2377,1968.1051,223.1693,2827.4437,29285.1138,32112.5575,1.94915275745322,2.43041900353156,8.80479139663666,22.1374098448008,27.6033683712252,0.0791421594000263,7.89297060097076
"ITI3","Marche","Italy","ITA",429.9224,62.4908,0,0,62.4908,0.7128,931.0721,63.6695,1427.3284,7902.2122,9329.5406,4.60818402998321,5.278000505191,15.2990212615614,30.1207766902137,34.4989422196041,0.0499394533171203,4.46074638464421
"ITC4","Lombardia","Italy","ITA",37.5251,24.3705,0,0,24.3705,0.462,3110.8517,211.8028,3365.0166,20514.5756,23879.5922,0.157142968295748,0.259198731207814,14.0915999394663,1.11515348839587,1.83938468535341,0.013729501364124,6.2942572110937
"ITF1","Abruzzo","Italy","ITA",1397.7299,123.1941,0,0,123.1941,2.3889,1448.3087,79.6573,2930.6585,7868.9755,10799.634,12.9423821214682,14.0831068904743,27.1366464826493,47.6933733493684,51.8970053999809,0.0815141034003109,2.71806831126861
"LT02","Vidurio ir vakarų Lietuvos regionas ","Lithuania","LTU",6538.2474,2862.8366,20.9668,11.1661,2894.9695,11.732,3705.858,225.8809,10482.7416,44680.3489,55163.0905,11.8525763164049,17.1005953700147,19.0031803965008,62.3715402848431,89.9880704872092,0.11191728698149,2.15478840001169
"LU00","Luxembourg","Luxembourg","LUX",99.3689,31.0399,38.263,21.9617,91.2646,0.193,599.4636,7.1632,706.6752,1888.9436,2595.6188,3.82833180280556,7.34443362792718,27.225692771219,14.0614669936061,26.9761129299571,0.0273109909616186,1.0136481370791
"ITI4","Lazio","Italy","ITA",997.8961,75.6363,1.7296,0.5618,77.9277,2.5212,1644.0824,147.4598,2796.006,14408.3612,17204.3672,5.80024878799378,6.25320180331887,16.2517224115049,35.6900557438002,38.4771634967879,0.0901714803187117,5.27394433345279
"ITF2","Molise","Italy","ITA",379.9334,49.3848,0,0,49.3848,0.8328,357.6308,8.1805,747.2004,3695.7393,4442.9397,8.5513967250107,9.66293105440976,16.817702927636,50.8475905526817,57.4569017896671,0.11145604311775,1.09482007771945
"LV00","Latvija","Latvia","LVA",9856.9469,1057.4021,0,0,1057.4021,14.5029,1444.6953,226.2671,11542.9916,53049.2874,64592.279,15.2602556413902,16.8972966567722,17.8705439391603,85.3933472497718,94.553902300336,0.125642472095362,1.96021194366978
"LT01","Sostinės regionas","Lithuania","LTU",1101.2708,315.3889,0,0,315.3889,2.2671,501.8273,32.3971,1638.0975,8095.6534,9733.7509,11.313940651594,14.5540985644085,16.8290468579795,67.2286478674194,86.4820134332663,0.138398355409248,1.97772721098714
"ITF3","Campania","Italy","ITA",903.7845,84.0213,2.6147,0.2857,86.9217,1.8775,708.9849,80.9285,1696.9941,11906.1584,13603.1525,6.64393419098992,7.28291622107449,12.4750060693652,53.2579635957485,58.3800615452935,0.110636801860419,4.76893231390728
"ITF4","Puglia","Italy","ITA",1367.9887,172.2181,54.5968,6.548,233.3629,2.343,467.0839,188.4179,2026.4083,17338.9387,19365.347,7.06410631319955,8.26916037187457,10.4640949630286,67.5080486000773,79.024133487807,0.115623292699699,9.29812121278816
"MT00","Malta","Malta","MLT",NA,NA,NA,NA,NA,0,0,0,0,0,0,NA,NA,NA,NA,NA,NA,NA
"NL11","Groningen","Netherlands","NLD",0,0,0,0,0,0,736.1947,41.416,787.4238,1614.314,2401.7378,0,0,32.785585503963,0,0,0,5.25968354017239
"ITF5","Basilicata","Italy","ITA",1078.2097,91.1151,0,0,91.1151,2.2049,515.5651,42.13,1638.979,8350.3342,9989.3132,10.7936319385801,11.7057577091486,16.4073241792038,65.785449355971,71.3447091146379,0.1345288743785,2.5705027337141
"NL12","Friesland (NL)","Netherlands","NLD",0,0,0,0,0,0,1827.7009,246.6214,2112.629,1897.9171,4010.5461,0,0,52.6768411912782,0,0,0,11.6736729449421
"NL13","Drenthe","Netherlands","NLD",0,0,0,0,0,0,788.7074,13.9683,848.3155,1829.6822,2677.9977,0,0,31.6772303426549,0,0,0,1.6465925708065
"ITH3","Veneto","Italy","ITA",20.098,15.1765,0.1969,0.5417,15.9151,0.0488,2325.053,134.3437,2483.299,15208.003,17691.302,0.113603848942266,0.203563875626565,14.0368357286536,0.809326625589588,1.45021199621954,0.00196512784002248,5.40988821724649
"ITF6","Calabria","Italy","ITA",959.8269,180.3444,2.6164,3.1767,186.1375,2.9069,1396.4823,273.0074,2635.2496,12451.7329,15086.9825,6.36195408856609,7.59571637337022,17.4670422001219,36.4226181838715,43.4859908526312,0.110308336637258,10.3598308107133
"NL21","Overijssel","Netherlands","NLD",0,0,0.0163,0,0.0163,0,1421.6162,33.1787,1497.8273,1924.0199,3421.8472,0,0.000476350901933903,43.7724776255351,0,0.00108824295030542,0,2.21512186351524
"NL22","Gelderland","Netherlands","NLD",0,0,0.0157,8e-04,0.0165,0,1647.8518,55.4064,1718.3934,3417.7824,5136.1758,0,0.000321250686162261,33.4566702331334,0,0.00096019921864225,0,3.22431405986545
"ITH4","Friuli-Venezia Giulia","Italy","ITA",0,0,0,0,0,0,787.4264,50.9674,839.749,6927.7314,7767.4804,0,0,10.8110861792455,0,0,0,6.06936120197821
"ITC1","Piemonte","Italy","ITA",259.79,245.4028,6.4571,50.2707,302.1306,0.6516,4217.479,135.0262,4617.7666,20780.5263,25398.2929,1.02286402091221,2.21243452153432,18.1814054124874,5.62587983550316,12.1686661253083,0.014110717505731,2.92405856978566
"ITG1","Sicilia","Italy","ITA",3814.5795,340.5948,101.9468,12.6624,455.204,8.4192,2894.6588,397.7373,7121.2634,18572.9672,25694.2306,14.8460545847207,16.6176740859483,27.7154179506741,53.5660498107681,59.9582301646082,0.118226212500439,5.58520697324579
"NL23","Flevoland","Netherlands","NLD",0,0,0,0,0,0,109.9104,45.9755,162.6113,2249.2817,2411.893,0,0,6.74206111133454,0,0,0,28.2732503829685
"NL32","Noord-Holland","Netherlands","NLD",0,0,0,0,0,0,726.2872,223.6954,952.7581,2458.5275,3411.2856,0,0,27.9295905332582,0,0,0,23.4787193097597
"ITC2","Valle d’Aosta/Vallée d’Aoste","Italy","ITA",0.16,0.2316,0,0,0.2316,4e-04,879.6984,55.4648,936.3473,2324.2588,3260.6061,0.00490706313773994,0.0120100370296185,28.716970749702,0.0170876767626713,0.041822088876638,4.27191919066782e-05,5.92352858816381
"NL34","Zeeland","Netherlands","NLD",0,0,0,0,0,0,158.8696,94.559,253.6013,1677.9435,1931.5448,0,0,13.1294547245293,0,0,0,37.2864807869676
"ITH5","Emilia-Romagna","Italy","ITA",521.3636,435.9733,8.6607,18.1563,462.7903,1.5365,2823.6762,89.5535,3440.8353,19069.5758,22510.4111,2.31609986012206,4.37199434354178,15.28552848153,15.152239341418,28.6021798253465,0.0446548545930112,2.60266743950226
"ITG2","Sardegna","Italy","ITA",480.8924,119.6887,226.5355,92.2458,438.47,2.4912,5140.948,273.089,5944.4929,18167.8594,24112.3523,1.99438194174029,3.8128275025245,24.6533097478009,8.08971274908916,15.465783464894,0.0419076957767079,4.59398311334512
"NL35","Utrecht","Netherlands","NLD",0,0,0,0,0,0,696.9603,21.2617,719.3792,842.4271,1561.8063,0,0,46.0607182849755,0,0,0,2.95556224033166
"NL36","Zuid-Holland","Netherlands","NLD",0,0,0,0,0,0,805.8113,120.6645,927.1864,2209.3278,3136.5142,0,0,29.5610458259682,0,0,0,13.0140498178144
"ITC3","Liguria","Italy","ITA",21.8666,1.6362,0,0,1.6362,0.0557,306.9116,30.0782,359.5234,5058.701,5418.2244,0.403575016199034,0.433773101018112,6.63544684491104,6.08210759021527,6.53721009536514,0.0154927328791394,8.36613138393773
"ITH1","Provincia Autonoma di Bolzano/Bozen","Italy","ITA",20.3281,22.2469,0,0,22.2469,0.1005,1736.4197,98.0602,1863.4393,5534.4836,7397.9229,0.274781182161279,0.575499374290586,25.1886823529886,1.09089145001933,2.28475378833107,0.00539325321731703,5.26232327503236
"NL41","Noord-Brabant","Netherlands","NLD",0,0,0,0,0,0,945.7067,70.6267,1017.1008,4067.4138,5084.5146,0,0,20.0038918169298,0,0,0,6.94392335548256
"ITI1","Toscana","Italy","ITA",1000.5213,132.89,0.5679,0.0691,133.527,2.7603,1628.0169,136.1505,2771.1778,20218.5311,22989.7089,4.35203988163591,4.93285193358842,12.0539925583834,36.1045509241594,40.922971452788,0.0996074665436479,4.91309146601853
"ITH2","Provincia Autonoma di Trento","Italy","ITA",23.7627,19.3561,0,0,19.3561,0.0637,954.5974,70.912,1050.4099,5156.5391,6206.949,0.382840264999761,0.694685907681858,16.9231276106828,2.26223115376197,4.10494988670613,0.00606429927973832,6.7508883912842
"NL42","Limburg (NL)","Netherlands","NLD",4.1552,3.8063,4.3586,5.8182,13.9831,0.0092,368.5818,24.338,397.3997,1814.4197,2211.8194,0.18786343948335,0.820062433668861,17.9670953243289,1.04559716577541,4.56424602232966,0.00231504955841688,6.12431262529891
"ITI2","Umbria","Italy","ITA",631.0284,126.0848,0,0,126.0848,1.4145,700.5802,19.4873,1353.9388,7100.8502,8454.789,7.4635617754624,8.95484440829925,16.0138685897425,46.6068628803606,55.9193074310301,0.104472964361462,1.43930434669573
"HU12","Pest","Hungary","HUN",81.4994,16.6406,0,0,16.6406,0.1212,963.3331,36.9705,1082.9427,5306.0415,6388.9842,1.27562375252078,1.53608143216256,16.9501546114326,7.52573520279512,9.06234466514248,0.0111917278725827,3.41389253558845
"HU23","Dél-Dunántúl","Hungary","HUN",83.3348,20.9359,0,0,20.9359,0.1438,1378.3466,41.3612,1504.9101,12691.0706,14195.9807,0.587030947428662,0.734508606369125,10.6009590446964,5.53752679312871,6.92869959474656,0.00955538805939305,2.74841666621814
"IE06","Eastern and Midland","Ireland","IRL",580.1672,89.2489,3095.4774,373.5719,3558.2982,1.0682,7539.1867,177.6047,8334.45,6128.6605,14463.1105,4.01135841422217,28.6139375067348,57.6255709309557,6.96107361613544,49.6549310392407,0.0128166825645364,2.13097084990611
"HU21","Közép-Dunántúl","Hungary","HUN",415.7083,64.325,0,0,64.325,0.6015,1242.2163,75.9676,1735.8225,9350.3978,11086.2203,3.74977484436242,4.32999964830214,15.6574779593727,23.948779325075,27.6545153666346,0.034652160575174,4.376461302927
"FRK2","Rhône-Alpes","France","FRA",721.9947,146.7376,122.2083,11.7727,280.7186,1.0542,10198.4087,434.2975,11368.1754,33593.9769,44962.1523,1.60578322670732,2.23012744876984,25.2838772578064,6.35101654043797,8.8203538801838,0.00927325593516089,3.82029204088459
"HU31","Észak-Magyarország","Hungary","HUN",334.8544,24.2823,0,0,24.2823,0.4583,2112.2797,35.8152,2485.5908,10942.7562,13428.347,2.49363827133749,2.67446693178244,18.5100280771714,13.4718232783932,14.4487459480458,0.0184382723012975,1.4409129612163
"HU22","Nyugat-Dunántúl","Hungary","HUN",135.7597,43.5319,0,0,43.5319,0.252,1214.1593,29.98,1381.5946,9946.5405,11328.1351,1.1984293866693,1.58271064404943,12.1961345605774,9.82630505359532,12.9771497369778,0.0182397933518269,2.16995636780862
"HU32","Észak-Alföld","Hungary","HUN",0.8938,0.0118,0,0,0.0118,0.001,3241.4681,83.9931,3328.5816,14393.9576,17722.5392,0.00504329537609374,0.00510987725731762,18.7816292148475,0.0268522784599903,0.0272067838144632,3.00428266502465e-05,2.52339014311682
"FRL0","Provence-Alpes-Côte d’Azur","France","FRA",1031.2613,131.304,0,0,131.304,1.533,3232.2234,366.4671,4635.6993,27209.461,31845.1603,3.2383611521654,3.65068126223249,14.5569978493718,22.2460783856278,25.0785313016312,0.0330694443446753,7.90532509302318
"HU33","Dél-Alföld","Hungary","HUN",0.0133,0.0049,0,0,0.0049,1e-04,3068.5176,57.7147,3128.9978,15206.4067,18335.4045,7.25372598133845e-05,9.9261513428842e-05,17.0653328100834,0.00042505622726868,0.000581655889946615,3.19591148322316e-06,1.8445107248078
"FRJ1","Languedoc-Roussillon","France","FRA",826.2117,120.4475,0.0051,0.0239,120.4765,1.5001,3093.893,115.45,4042.012,23724.4487,27766.4607,2.97557441305438,3.40946658714771,14.5571740081371,20.4406048274968,23.4212120102563,0.037112705256689,2.85625079786997
"FRM0","Corse","France","FRA",40.2289,6.5829,0,0,6.5829,0.1477,449.5429,103.0155,595.9652,8133.6623,8729.6275,0.460831805251713,0.536240521144803,6.82692589116775,6.75020957599538,7.85478749430336,0.0247833262747556,17.2854891527223
"FRJ2","Midi-Pyrénées","France","FRA",3297.8175,747.2124,150.5898,59.5221,957.3243,6.2143,7382.274,283.6385,10980.4698,34623.6051,45604.0749,7.23140970896002,9.33061751462039,24.0778259926944,30.0334827203841,38.7519102324747,0.0565941176760943,2.58311807387331
"IE04","Northern and Western","Ireland","IRL",44.5793,4.5761,203.6772,23.0098,231.2631,0.0711,15305.4443,1163.9511,16536.2224,9252.6713,25788.8937,0.172862397738295,1.06961703440578,64.1214880807392,0.269585754966624,1.66811012411154,0.000429965189631218,7.03879684153256
"IE05","Southern","Ireland","IRL",28.916,6.8367,1409.5956,193.5714,1610.0037,0.0474,18255.9181,1370.5727,19678.616,10006.2092,29684.8252,0.0974100396589164,5.52106906123874,66.2918372178927,0.146941227980667,8.32842970257664,0.000240870597810334,6.96478197450471
"HR03","Jadranska Hrvatska","Croatia","HRV",0,0,0,0,0,0,37.9835,4900.3048,4938.3455,19689.3042,24627.6497,0,0,20.0520372839313,0,0,0,99.2296873517659
"HR05","Grad Zagreb","Croatia","HRV",0,0,0,0,0,0,0,129.0069,129.0069,512.9358,641.9427,0,0,20.0963263543615,0,0,0,100
"HR06","Sjeverna Hrvatska","Croatia","HRV",0.0508,0.0361,0,0,0.0361,0.0016,55.4916,1435.7358,1491.3679,6539.0646,8030.4325,0.000632593574505483,0.0010821334965458,18.5714517866877,0.00340626883547648,0.00582686538982098,0.000107284057810283,96.2697266046828
"HU11","Budapest","Hungary","HUN",8.4628,1.3551,0,0,1.3551,0.0088,40.7296,15.213,64.4533,461.6392,526.0925,1.6086144546824,1.86619273226666,12.2513246244719,13.1301267739588,15.2325792473,0.0136532962625653,23.6031359139098
"FRK1","Auvergne","France","FRA",430.8964,132.3289,111.9229,28.9588,273.2106,0.9702,9999.9934,48.2061,10496.7381,15673.6949,26170.433,1.64650084314616,2.69046752111438,40.1091495123523,4.10505050135527,6.70786479849393,0.00924287136400974,0.459248383076263
"HR02","Panonska Hrvatska","Croatia","HRV",0,0,0,0,0,0,28.298,2698.0277,2726.3744,20478.3383,23204.7127,0,0,11.7492271300562,0,0,0,98.9602785296106
"PL21","Małopolskie","Poland","POL",530.3298,51.9581,0,0,51.9581,0.7336,3080.7885,41.5883,3657.3897,11527.3787,15184.7684,3.49251161446756,3.83468410357843,24.0859103257709,14.5002267600852,15.9208601697544,0.0200580211619232,1.13710332809216
"PL92","Mazowiecki regionalny","Poland","POL",15.1207,2.9951,0,0,2.9951,0.021,6427.6992,70.6729,6521.1415,22932.9247,29454.0662,0.0513365451728359,0.0615052600105856,22.1400381723865,0.231871981308794,0.277801056762838,0.000322029509710838,1.08375044461158
"PL51","Dolnośląskie","Poland","POL",216.0705,10.372,0,0,10.372,0.2708,2709.0861,67.453,2996.5326,16951.0497,19947.5823,1.08319142014519,1.13518769640569,15.022034023642,7.21068410869283,7.5568175030033,0.00903711176043938,2.25103507967843
"PL62","Warmińsko-mazurskie","Poland","POL",6.366,1.4501,0,0,1.4501,0.015,4999.0712,83.0111,5108.7208,18903.9058,24012.6266,0.0265110523144519,0.0325499585289016,21.2751436363067,0.124610450428217,0.152995246872759,0.000293615575938305,1.62489012905148
"PT11","Norte","Portugal","PRT",0.1287,0.0113,0,0,0.0113,0.0142,2611.2771,51.0127,2805.7224,18480.6725,21286.3949,0.000604611539927787,0.000657697090830538,13.1808247154148,0.00458705394375438,0.00498980226981828,0.000506108515938711,1.81816633035399
"PT15","Algarve","Portugal","PRT",99.8595,2.4537,0,0,2.4537,1.6578,380.2923,26.1325,512.6656,4455.784,4968.4496,2.00987245598707,2.05925808324593,10.3184220687274,19.4784865612204,19.957102641566,0.323368683211825,5.09737731573954
"PL52","Opolskie","Poland","POL",67.9074,9.8813,0,0,9.8813,0.0868,809.2128,24.7663,902.769,8509.9486,9412.7176,0.721443082495113,0.826421266478875,9.59094958930883,7.52212359972485,8.61667824216383,0.00961486271681903,2.74337067400409
"PL63","Pomorskie","Poland","POL",0,0,0,0,0,0,2503.7251,120.0434,2635.9431,15541.0369,18176.98,0,0,14.501545911367,0,0,0,4.55409678608009
"PL61","Kujawsko-pomorskie","Poland","POL",0.2112,0.0627,0,0,0.0627,1e-04,1909.0511,58.4872,1972.0919,15999.8139,17971.9058,0.00117516752174385,0.00152404537976156,10.9731929487411,0.0107094400620985,0.013888805080534,5.07075760516029e-06,2.96574414204531
"PT19","Centro (PT)","Portugal","PRT",0.2937,0.009,0,0,0.009,0.0013,3552.7432,29.5399,3734.7417,19487.5173,23222.259,0.00126473483910415,0.00130349075858641,16.0825942902454,0.00786399766281025,0.00810497818363182,3.48082974520032e-05,0.790948943001868
"PT1A","Grande Lisboa","Portugal","PRT",126.1466,11.0428,6.9892,0.3965,18.4285,0.2968,100.8517,28.8253,256.3109,1092.2628,1348.5737,9.3540753464197,10.7205931718823,19.0060728605341,49.2162448026986,56.4061458174428,0.115796870129206,11.2462247996476
"PL71","Łódzkie","Poland","POL",52.4389,9.9929,0,0,9.9929,0.0969,3253.48,62.3315,3373.054,14846.9483,18220.0023,0.287809513613508,0.342655280564921,18.5129175313002,1.55464158000435,1.85089832537516,0.00287276752758776,1.84792475898696
"PT1B","Península de Setúbal","Portugal","PRT",9.3613,0.7452,0,0,0.7452,0.0179,272.0035,27.1536,309.1107,1190.7777,1499.8884,0.624133102169468,0.673816798636485,20.6089133031498,3.02846197171434,3.26954065323523,0.00579080568870634,8.78442577367914
"PL72","Świętokrzyskie","Poland","POL",600.3239,100.5744,0,0,100.5744,0.9604,1993.2814,31.8256,2628.9349,9080.2085,11709.1434,5.12696684541416,5.9859058520028,22.4519831228645,22.8352516450674,26.6609226420936,0.036531904993159,1.21058912489617
"PL22","Śląskie","Poland","POL",482.7357,33.2197,0,0,33.2197,0.7249,1936.7184,76.5713,2499.359,9835.3102,12334.6692,3.91364934213234,4.1829690900831,20.262878229438,19.3143802070851,20.6435089957065,0.0290034364811138,3.06363751665927
"PL81","Lubelskie","Poland","POL",329.439,39.8871,0,0,39.8871,0.6234,3939.1617,55.245,4329.3786,20794.3704,25123.749,1.31126528926873,1.47002782108673,17.2322156219599,7.60938301861611,8.53069537508224,0.0143992950859045,1.27604917712671
"PL82","Podkarpackie","Poland","POL",142.3955,9.6942,0,0,9.6942,0.1785,3587.1627,53.6766,3788.2557,14058.3416,17846.5973,0.797885992530352,0.852205591034432,21.2267674129678,3.75886717467356,4.01476859125428,0.00471193114023428,1.41692124953445
"PL41","Wielkopolskie","Poland","POL",12.2177,5.8848,0,0,5.8848,0.0242,3954.3319,94.6678,4065.9793,25760.466,29826.4453,0.0409626419679317,0.0606927839302393,13.6321283314308,0.300486035430628,0.445218695530496,0.000595182567702693,2.32829025961839
"PL84","Podlaskie","Poland","POL",1.4827,2.6342,0,0,2.6342,0.0014,4900.368,31.4439,4937.9453,15248.8732,20186.8185,0.00734489191548435,0.0203940011646709,24.4612359297727,0.0300266590640443,0.0833727339993013,2.83518733996507e-05,0.636781051422339
"PL91","Warszawski stołeczny","Poland","POL",5.9253,0.7097,0,0,0.7097,0.0088,1483.3057,40.4696,1531.6829,4571.1693,6102.8522,0.0970906685238093,0.108719657343168,25.0978206550701,0.386849001186864,0.433183657008902,0.000574531451647074,2.64216568586096
"PL42","Zachodniopomorskie","Poland","POL",2.3534,0.5389,0,0,0.5389,0.0039,3533.4598,234.1642,3773.9068,18677.6909,22451.5977,0.0104821047991609,0.012882379413025,16.809079026033,0.0623597805859965,0.0766394125048345,0.000103341184790255,6.20482201627237
"PL43","Lubuskie","Poland","POL",15.4746,0.9763,0,0,0.9763,0.0173,2264.3434,44.9459,2327.3417,11661.4523,13988.794,0.110621401673368,0.117600559419204,16.6371861648688,0.664904513161948,0.706853660551865,0.000743337344920172,1.9312119058409
"SK04","Východné Slovensko","Slovakia","SVK",946.0355,65.0556,0,0,65.0556,0.8988,1968.9753,22.7816,2940.3233,12780.7777,15721.101,6.01761606900178,6.43142678111412,18.703036765682,32.1745401262507,34.3870723331683,0.0305680671237751,0.774799152188469
"SI03","Vzhodna Slovenija","Slovenia","SVN",66.8957,27.1577,0,0,27.1577,0.1282,2296.0357,30.0835,2396.1809,10034.9888,12431.1697,0.538128765147499,0.756593323635506,19.2755867535136,2.79176334307648,3.92513770558809,0.00535018036409522,1.25547699674929
"SI04","Zahodna Slovenija","Slovenia","SVN",0,0,0,0,0,0,1327.833,43.4844,1373.1059,6469.2657,7842.3716,0,0,17.5088094524876,0,0,0,3.16686426006909
"SK01","Bratislavský kraj","Slovakia","SVK",8.2448,0.4896,0,0,0.4896,0.011,201.8428,12.0791,222.3883,1829.4779,2051.8662,0.401819572835695,0.425680777820698,10.8383431629216,3.70738928261963,3.92754474943151,0.00494630338016883,5.43153574176339
"SK02","Západné Slovensko","Slovakia","SVK",395.848,30.3581,0,0,30.3581,0.4607,1099.4302,38.7528,1535.8838,13453.5388,14989.4226,2.6408488876683,2.84337903716185,10.2464507205234,25.7733039439572,27.7498922770069,0.0299957587937317,2.52315962965427
"SK03","Stredné Slovensko","Slovakia","SVK",626.6379,76.1435,0,0,76.1435,0.6754,2695.4143,24.7666,3350.4449,12909.2184,16259.6633,3.85394142817213,4.32223833318861,20.605868880446,18.7031250685543,20.9757635471038,0.0201585168584626,0.739203321923008
"RO22","Sud-Est","Romania","ROU",287.7947,8.3696,0,0,8.3696,0.502,4346.806,427.6969,5068.3134,30674.6208,35742.9342,0.805179279321729,0.828595375921879,14.1799030030388,5.67831302618342,5.84344882855902,0.00990467558695167,8.43864351403368
"SE22","Sydsverige","Sweden","SWE",520.1809,182.3307,0,0,182.3307,0.92,1502.6707,211.0341,2236.5009,12161.977,14398.4779,3.61274923372282,4.87906850209493,15.5328980989025,23.2586939714623,31.4111923675059,0.0411356865539379,9.43590498890477
"RO31","Sud-Muntenia","Romania","ROU",427.8846,14.7204,0,0,14.7204,0.5869,3489.3272,124.2892,4046.475,30417.4324,34463.9074,1.24154407401872,1.2842565843245,11.7411962405633,10.574255370415,10.938038663281,0.0145039818607553,3.0715425153992
"RO32","Bucureşti-Ilfov","Romania","ROU",0,0,0,0,0,0,194.5044,29.0579,223.8338,1580.0555,1803.8893,0,0,12.4084000054771,0,0,0,12.9819088984774
"SE33","Övre Norrland","Sweden","SWE",1379.3452,9.712,0,0,9.712,1.8058,23220.6168,933.6244,25564.5804,139580.4721,165145.0525,0.835232529899738,0.84111342057916,15.4800764618728,5.39553232800175,5.43352239022081,0.00706367940230304,3.6520231718726
"PT1C","Alentejo","Portugal","PRT",125.0754,6.3708,13.5382,0.5436,20.4526,0.4186,8603.9517,99.895,8859.4262,18389.5793,27249.0055,0.459009045302589,0.534067197424875,32.5128423494208,1.4117776611763,1.64263459861543,0.00472491096545282,1.12755609386983
"RO41","Sud-Vest Oltenia","Romania","ROU",229.2689,4.8683,0,0,4.8683,0.3824,3800.701,91.3917,4126.5719,25083.3303,29209.9022,0.784901292822541,0.80156790117565,14.1273047466759,5.55591676471213,5.67389120252576,0.00926677177247293,2.21471241056045
"PT1D","Oeste e Vale do Tejo","Portugal","PRT",194.4256,32.7977,2.6777,0.1296,35.605,0.7019,1099.2452,31.4612,1328.5289,7875.7882,9204.3171,2.11233052803016,2.49915987792294,14.4337584805721,14.6346534125076,17.3146854389091,0.0528328740157628,2.3681231172314
"RO42","Vest","Romania","ROU",626.1058,29.3108,0,0,29.3108,0.9767,5289.2737,75.485,5998.2828,26035.6237,32033.9065,1.9545096693093,2.04600896865326,18.7247933685515,10.4380840463207,10.9267372321959,0.0162829935260805,1.25844349986299
"SE23","Västsverige","Sweden","SWE",110.8747,23.8328,0,0,23.8328,0.229,4053.44,372.5629,4542.5685,30036.2891,34578.8576,0.320643039404518,0.389566079823296,13.1368379850698,2.4407931327838,2.96544785180455,0.00504120080963006,8.20159123632368
"SE32","Mellersta Norrland","Sweden","SWE",2218.7588,10.1006,0,0,10.1006,3.3811,8970.9612,359.8863,11566.1061,65591.7028,77157.8089,2.87561146646299,2.8887022995802,14.9901951142628,19.1832824359099,19.2706117402814,0.0292328288428895,3.11155973227671
"SE11","Stockholm","Sweden","SWE",0,0,0,0,0,0,617.132,209.4319,827.0409,6229.0958,7056.1367,0,0,11.7208741151514,0,0,0,25.3230402510928
"SE12","Östra Mellansverige","Sweden","SWE",129.0585,28.9038,0,0,28.9038,0.19,4219.2951,337.4978,4690.0486,38606.1192,43296.1678,0.298082963361021,0.364841296647044,10.8324797281481,2.75175186883991,3.36803119694751,0.00405113072815493,7.19604056981413
"SE21","Småland med öarna","Sweden","SWE",551.485,196.665,0,0,196.665,2.016,3263.229,498.6562,4320.2281,31664.4455,35984.6736,1.53255523762761,2.07907957792342,12.0057448568882,12.7651824680276,17.3173726637258,0.0466642027535537,11.5423581453951
"RO11","Nord-Vest","Romania","ROU",1509.8401,53.9185,0,0,53.9185,2.4563,8790.1176,83.1908,10398.428,23753.3325,34151.7605,4.42097296858239,4.5788520916806,30.4477070808692,14.5198880061486,15.0384134986558,0.0236218397627026,0.80003246644589
"SE31","Norra Mellansverige","Sweden","SWE",245.1597,4.031,0,0,4.031,0.3135,5457.2048,264.8195,5973.5208,66036.8432,72010.364,0.340450577364114,0.346048382702245,8.29536259530642,4.10410724609848,4.17158838720374,0.00524816118494138,4.43322303322355
"RO12","Centru","Romania","ROU",1544.7398,143.0327,0,0,143.0327,2.5138,9173.4686,71.5697,10805.1283,23306.1802,34111.3085,4.52852695463148,4.94783863245821,31.6760885909727,14.296357776705,15.6201060564917,0.0232648787705742,0.662367886922731
"RO21","Nord-Est","Romania","ROU",1057.6413,57.4426,0,0,57.4426,1.9947,6863.3743,113.2856,8048.1766,28802.5316,36850.7082,2.87007048618946,3.02594971566924,21.8399509619194,13.1413778867626,13.8551122250473,0.024784495906812,1.40759336717338
